<?xml version="1.0" encoding="UTF-8"?>
<PE_PROJECT_SETTINGS_DOCUMENTATION>
  <PE_product_version v="version 10.3 for Freescale Microcontrollers" />
  <PE_core_version v="Processor Expert Version 0509" />
  <CPU_Bean name="Cpu" type="MKL25Z128LK4">
    <Enabled v="Y" />
    <Properties>
      <Component_name v="Cpu" />
      <CPU_type v="MKL25Z128VLK4" />
      <list name="Shared Internal properties" v="1">
        <EmptySection_DummyValue />
      </list>
      <list name="Shared Clock settings" v="1">
        <group name="Clock settings">
          <group name="Internal oscillator">
            <Slow_internal_reference_clock__kHz_ v="32.768000000000" />
            <boolgroup name="Initialize slow trim value" v="no" />
            <Fast_internal_reference_clock__MHz_ v="4" />
            <boolgroup name="Initialize fast trim value" v="no" />
          </group>
          <boolgroup name="RTC clock input" v="Disabled" />
          <boolgroup name="System oscillator 0" v="Disabled" />
          <list name="Clock source settings" v="1">
            <group name="Clock source setting 0">
              <group name="Internal reference clock">
                <MCGIRCLK_clock v="Enabled" />
                <MCGIRCLK_in_stop v="Disabled" />
                <enumgroup name="MCGIRCLK source" v="Slow">
                  <EmptySection_DummyValue />
                </enumgroup>
                <MCGIRCLK_clock__MHz_ v="0.032768000000" />
              </group>
              <group name="External reference clock">
                <OSC0ERCLK_clock v="Enabled" />
                <OSC0ERCLK_in_stop v="Disabled" />
                <OSC0ERCLK_clock__MHz_ v="0" />
                <ERCLK32K_clock_source v="Auto select" />
                <ERCLK32K__clock__MHz_ v="0.001000000000" />
              </group>
              <group name="MCG settings">
                <enumgroup name="MCG mode" v="FEI">
                  <EmptySection_DummyValue />
                </enumgroup>
                <MCG_output_clock v="FLL clock" />
                <MCG_output__MHz_ v="20.971520000000" />
                <MCG_external_ref__clock__MHz_ v="0" />
                <Clock_monitor v="Disabled" />
                <group name="FLL settings">
                  <FLL_module v="Enabled" />
                  <FLL_output__MHz_ v="20.971520000000" />
                  <MCGFFCLK_clock__kHz_ v="32.768000000000" />
                  <enumgroup name="Reference clock source" v="Slow internal clock">
                    <EmptySection_DummyValue />
                  </enumgroup>
                  <FLL_reference_clock__kHz_ v="32.768000000000" />
                  <Multiplication_factor v="Auto select" />
                </group>
                <group name="PLL 0 settings">
                  <PLL_module v="Disabled" />
                  <PLL_module_in_Stop v="Disabled" />
                  <PLL_output__MHz_ v="0" />
                  <Reference_clock_divider v="Auto select" />
                  <PLL_reference_clock__MHz_ v="1" />
                  <Multiplication_factor v="Auto select" />
                  <Loss_of_lock_interrupt v="Disabled" />
                </group>
              </group>
            </group>
          </list>
        </group>
      </list>
      <Initialization_priority v="interrupts enabled" />
      <Watchdog_disable v="yes" />
      <group name="Internal peripherals">
        <list name="Shared NMI settings" v="1">
          <boolgroup name="NMI pin" v="Enabled">
            <NMI_Pin v="TSI0_CH5/PTA4/I2C1_SDA/TPM0_CH1/NMI_b" />
          </boolgroup>
        </list>
        <list name="Shared Reset settings" v="1">
          <boolgroup name="Reset control" v="Enabled">
            <Reset_pin v="PTA20/RESET_b" />
            <Filter_in_STOP v="Disabled" />
            <Filter_in_RUN_WAIT v="Disabled" />
            <Filter_width v="1" />
          </boolgroup>
        </list>
        <list name="Shared Flash memory organization" v="1">
          <group name="Flash memory organization">
            <list name="Shared FLASH settings" v="1">
              <EmptySection_DummyValue />
            </list>
            <list name="Flash blocks" v="1">
              <group name="Flash block 0">
                <Address v="0" />
                <Size v="131072" />
                <Write_unit_size v="4" />
                <Erase_unit_size v="1024" />
                <Protection_unit_size v="4096" />
              </group>
            </list>
          </group>
        </list>
        <list name="Shared Flash Config settings" v="1">
          <boolgroup name="Flash configuration field" v="Enabled">
            <group name="Security settings">
              <boolgroup name="Flash security" v="Disabled" />
              <Freescale_failure_analysis_access v="Enabled" />
              <Mass_erase v="Enabled" />
              <Backdoor_key_security v="Disabled" />
              <Backdoor_key_0 v="255" />
              <Backdoor_key_1 v="255" />
              <Backdoor_key_2 v="255" />
              <Backdoor_key_3 v="255" />
              <Backdoor_key_4 v="255" />
              <Backdoor_key_5 v="255" />
              <Backdoor_key_6 v="255" />
              <Backdoor_key_7 v="255" />
            </group>
            <group name="Protection regions">
              <group name="P-Flash protection settings">
                <Protection_region_size v="4096" />
                <P_Flash_protection v="4294967295" />
                <group name="Protection regions">
                  <Protection_region_0 v="Unprotected" />
                  <Protection_region_1 v="Unprotected" />
                  <Protection_region_2 v="Unprotected" />
                  <Protection_region_3 v="Unprotected" />
                  <Protection_region_4 v="Unprotected" />
                  <Protection_region_5 v="Unprotected" />
                  <Protection_region_6 v="Unprotected" />
                  <Protection_region_7 v="Unprotected" />
                  <Protection_region_8 v="Unprotected" />
                  <Protection_region_9 v="Unprotected" />
                  <Protection_region_10 v="Unprotected" />
                  <Protection_region_11 v="Unprotected" />
                  <Protection_region_12 v="Unprotected" />
                  <Protection_region_13 v="Unprotected" />
                  <Protection_region_14 v="Unprotected" />
                  <Protection_region_15 v="Unprotected" />
                  <Protection_region_16 v="Unprotected" />
                  <Protection_region_17 v="Unprotected" />
                  <Protection_region_18 v="Unprotected" />
                  <Protection_region_19 v="Unprotected" />
                  <Protection_region_20 v="Unprotected" />
                  <Protection_region_21 v="Unprotected" />
                  <Protection_region_22 v="Unprotected" />
                  <Protection_region_23 v="Unprotected" />
                  <Protection_region_24 v="Unprotected" />
                  <Protection_region_25 v="Unprotected" />
                  <Protection_region_26 v="Unprotected" />
                  <Protection_region_27 v="Unprotected" />
                  <Protection_region_28 v="Unprotected" />
                  <Protection_region_29 v="Unprotected" />
                  <Protection_region_30 v="Unprotected" />
                  <Protection_region_31 v="Unprotected" />
                </group>
              </group>
            </group>
            <group name="Peripheral settings">
              <Reset_pin_function v="Enabled" />
              <NMI_function v="Enabled" />
              <FLASH_initialization_speed v="Fast" />
              <Clock_dividers_settings v="Fast clock boot" />
            </group>
          </boolgroup>
        </list>
        <list name="Shared Peripheral Bridge MCM settings" v="1">
          <boolgroup name="MCM settings" v="Disabled" />
        </list>
        <list name="Shared Power Management Controller settings" v="1">
          <group name="Power management controller">
            <LVD_reset v="Enabled" />
            <LVD_voltage_treshold v="Low" />
            <LVW_voltage_treshold v="Low" />
            <Bandgap_buffer v="Disabled" />
            <Bandgap_buffer_in_VLPx v="Disabled" />
            <group name="LVD interrupt">
              <Interrupt v="INT_LVD_LVW" />
              <Interrupt_request v="Disabled" />
              <Interrupt_priority v="0 (Highest)" />
              <LVD_interrupt v="Disabled" />
              <LVW_interrupt v="Disabled" />
            </group>
          </group>
        </list>
        <list name="Shared ClockGate settings" v="1">
          <group name="System Integration Module">
            <boolgroup name="CLKOUT pin control" v="Disabled" />
            <boolgroup name="Clock gating control" v="Disabled" />
          </group>
        </list>
      </group>
      <list name="Shared CPU interrupts/resets" v="1">
        <group name="CPU interrupts/resets">
          <boolgroup name="NMI interrupt" v="Enabled">
            <Interrupt v="INT_NMI" />
          </boolgroup>
          <boolgroup name="Hard Fault" v="Disabled" />
          <boolgroup name="Bus Fault" v="Disabled" />
          <boolgroup name="Usage Fault" v="Disabled" />
          <boolgroup name="Supervisor Call" v="Disabled" />
          <boolgroup name="Pendable Service" v="Disabled" />
          <boolgroup name="MCG" v="Disabled" />
        </group>
      </list>
      <group name="Low power mode settings">
        <list name="Shared Low Power Settings" v="1">
          <group name="Allowed power modes">
            <Very_low_power_modes v="Not allowed" />
            <Low_leakage_stop_mode v="Not allowed" />
            <Very_low_leakage_stop_mode v="Not allowed" />
          </group>
        </list>
        <list name="Shared LLWU settings" v="1">
          <boolgroup name="LLWU settings" v="Disabled" />
        </list>
        <list name="Shared Low Power Settings" v="1">
          <group name="Operation mode settings">
            <group name="WAIT operation mode">
              <Return_to_wait_after_ISR v="no" />
            </group>
            <group name="SLEEP operation mode">
              <Low_Power_mode v="STOP" />
              <Return_to_stop_after_ISR v="no" />
            </group>
            <boolgroup name="STOP operation mode" v="Disabled" />
          </group>
        </list>
      </group>
      <list name="Clock configurations" v="1">
        <group name="Clock configuration 0">
          <boolgroup name="Very low power mode" v="Disabled" />
          <enumgroup name="Clock source setting" v="configuration 0">
            <MCG_mode v="FEI" />
            <MCG_output__MHz_ v="20.971520000000" />
            <MCGIRCLK_clock__MHz_ v="0.032768" />
            <OSCERCLK_clock__MHz_ v="0" />
            <ERCLK32K__clock__MHz_ v="0.001" />
            <MCGFFCLK__kHz_ v="32.768" />
          </enumgroup>
          <group name="System clocks">
            <Core_clock_prescaler v="Auto select" />
            <Core_clock v="20.971520000000" />
            <Bus_clock_prescaler v="Auto select" />
            <Bus_clock v="20.971520000000" />
            <enumgroup name="PLL/FLL clock selection" v="Auto select">
              <Clock_frequency__MHz_ v="20.971520000000" />
            </enumgroup>
            <enumgroup name="TPM clock selection" v="Auto select">
              <Clock_frequency__MHz_ v="20.971520000000" />
            </enumgroup>
          </group>
        </group>
      </list>
    </Properties>
    <Methods>
      <list name="CPUCond" v="1">
        <SetClockConfiguration v="don&amp;apos;t generate code" />
        <GetClockConfiguration v="don&amp;apos;t generate code" />
        <SetOperationMode v="don&amp;apos;t generate code" />
        <EnableInt v="don&amp;apos;t generate code" />
        <DisableInt v="don&amp;apos;t generate code" />
        <GetLLSWakeUpFlags v="don&amp;apos;t generate code" />
        <OpenBackDoor v="don&amp;apos;t generate code" />
        <MCGAutoTrim v="don&amp;apos;t generate code" />
        <VLPModeEnable v="don&amp;apos;t generate code" />
        <VLPModeDisable v="don&amp;apos;t generate code" />
        <SystemReset v="don&amp;apos;t generate code" />
      </list>
    </Methods>
    <Events>
      <Event_module_name v="Events" />
      <list name="EvntsShrdGrp" v="1">
        <event name="OnReset" v="don&amp;apos;t generate code" />
        <event name="OnNMIINT" v="generate code">
          <Event_procedure_name v="Cpu_OnNMIINT" />
        </event>
        <event name="OnHardFault" v="don&amp;apos;t generate code" />
        <event name="OnBusFault" v="don&amp;apos;t generate code" />
        <event name="OnUsageFault" v="don&amp;apos;t generate code" />
        <event name="OnSupervisorCall" v="don&amp;apos;t generate code" />
        <event name="OnPendableService" v="don&amp;apos;t generate code" />
        <event name="OnLossOfLockINT" v="don&amp;apos;t generate code" />
        <event name="OnLowVoltageINT" v="don&amp;apos;t generate code" />
        <event name="OnLLSWakeUpINT" v="don&amp;apos;t generate code" />
      </list>
    </Events>
    <Compiler v="GNU C Compiler" />
    <CompilerProperties>
      <Compiler v="GNU C Compiler" />
      <enumgroup name="Unhandled vectors" v="One handler for all">
        <Unhandled_int_code>
          <StrgList><![CDATA[/* This code can be changed using the CPU component property "Build Options / Unhandled int code" */
PE_DEBUGHALT();
]]></StrgList>
        </Unhandled_int_code>
      </enumgroup>
      <group name="User initialization">
        <User_data_declarations>
          <StrgList></StrgList>
        </User_data_declarations>
        <User_code_before_PE_initialization>
          <StrgList></StrgList>
        </User_code_before_PE_initialization>
        <User_code_after_PE_initialization>
          <StrgList></StrgList>
        </User_code_after_PE_initialization>
      </group>
      <boolgroup name="Generate debugger files" v="yes">
        <Generate_mem_file v="yes" />
      </boolgroup>
      <group name="Startup">
        <Add_startup_file v="no" />
      </group>
      <boolgroup name="Generate linker file" v="yes">
        <Stack_size v="1024" />
        <Heap_size v="0" />
        <Set_memory_segments_to_default v="Click to set default &amp;gt;" />
        <Default_memory_for_interrupts v="INTERNAL FLASH" />
        <Default_memory_for_code v="INTERNAL FLASH" />
        <Default_memory_for_data v="INTERNAL RAM" />
        <list name="ROM/RAM Areas" v="4">
          <group name="MemoryArea0">
            <boolgroup name="ROM/RAM Area" v="Enabled">
              <Name v="m_interrupts" />
              <Qualifier v="RX" />
              <Address v="0" />
              <Size v="192" />
            </boolgroup>
          </group>
          <group name="MemoryArea1">
            <boolgroup name="ROM/RAM Area" v="Disabled" />
          </group>
          <group name="MemoryArea2">
            <boolgroup name="ROM/RAM Area" v="Enabled">
              <Name v="m_text" />
              <Qualifier v="RX" />
              <Address v="1040" />
              <Size v="130032" />
            </boolgroup>
          </group>
          <group name="MemoryArea3">
            <boolgroup name="ROM/RAM Area" v="Enabled">
              <Name v="m_data" />
              <Qualifier v="RW" />
              <Address v="536866816" />
              <Size v="16384" />
            </boolgroup>
          </group>
        </list>
      </boolgroup>
    </CompilerProperties>
  </CPU_Bean>
  <Bean name="WAIT1" type="Wait">
    <Enabled v="Y" />
    <Properties>
      <Component_name v="WAIT1" />
      <boolgroup name="Manual Clock Values" v="Disabled" />
      <Delay100usFunction v="Delay100US" />
      <boolgroup name="RTOS" v="Disabled" />
      <boolgroup name="Watchdog" v="Disabled" />
    </Properties>
    <Methods>
      <Wait10Cycles v="generate code" />
      <Wait100Cycles v="generate code" />
      <WaitCycles v="generate code" />
      <WaitLongCycles v="generate code" />
      <Waitms v="generate code" />
      <Waitus v="generate code" />
      <Waitns v="generate code" />
      <WaitOSms v="generate code" />
    </Methods>
    <Events>
      <EmptySection_DummyValue />
    </Events>
  </Bean>
  <Bean name="SERVO_LEFT" type="Servo">
    <Enabled v="Y" />
    <Properties>
      <Component_name v="SERVO_LEFT" />
      <Inverted_PWM v="yes" />
      <Init_PWM__us_ v="1500" />
      <Min_Pos_PWM__us_ v="900" />
      <Max_Pos_PWM__us_ v="2100" />
      <PWM_Period__us_ v="20000" />
      <group name="System">
        <boolgroup name="Timed Move" v="Disabled" />
        <boolgroup name="Shell" v="Disabled" />
        <inhrbean type="PWM">
          <Enabled v="Y" />
          <Template v="PWM" />
          <Properties>
            <Component_name v="Pwm1" />
            <PWM_or_PPG_device v="TPM0_C0V" />
            <Duty_compare v="" />
            <Output_pin v="PTD0/SPI0_PCS0/TPM0_CH0" />
            <Counter v="TPM0_CNT" />
            <boolgroup name="Interrupt service/event" v="Disabled" />
            <Period v="20 ms" />
            <Starting_pulse_width v="1.5 ms" />
            <Initial_polarity v="low" />
            <Same_period_in_modes v="no" />
            <Component_uses_entire_timer v="no" />
            <group name="Initialization">
              <Enabled_in_init__code v="yes" />
              <Events_enabled_in_init_ v="yes" />
            </group>
            <group name="CPU clock/speed selection">
              <High_speed_mode v="This component enabled" />
              <Low_speed_mode v="This component disabled" />
              <Slow_speed_mode v="This component disabled" />
            </group>
            <group name="Referenced components">
              <inhrbean type="PWM_LDD">
                <Enabled v="Y" />
                <Properties>
                  <Component_name v="PwmLdd1" />
                  <Period_device v="TPM0_MOD" />
                  <Duty_device v="TPM0_C0V" />
                  <Output_pin v="PTD0/SPI0_PCS0/TPM0_CH0" />
                  <Counter v="TPM0_CNT" />
                  <boolgroup name="Interrupt service/event" v="Disabled" />
                  <Period v="20 ms" />
                  <Starting_pulse_width v="1.5 ms" />
                  <Initial_polarity v="low" />
                  <group name="Initialization">
                    <Enabled_in_init__code v="yes" />
                    <list name="Auto Initialization" v="1">
                      <Auto_initialization v="yes" />
                    </list>
                    <group name="Event mask">
                      <OnEnd v="Disabled" />
                    </group>
                  </group>
                  <list name="CPU clock/configuration selection (included)" v="1">
                    <group name="CPU clock/configuration selection">
                      <Clock_configuration_0 v="This component enabled" />
                      <Clock_configuration_1 v="This component disabled" />
                      <Clock_configuration_2 v="This component disabled" />
                      <Clock_configuration_3 v="This component disabled" />
                      <Clock_configuration_4 v="This component disabled" />
                      <Clock_configuration_5 v="This component disabled" />
                      <Clock_configuration_6 v="This component disabled" />
                      <Clock_configuration_7 v="This component disabled" />
                    </group>
                  </list>
                  <group name="Referenced components">
                    <Linked_component v="TU1" />
                  </group>
                </Properties>
                <Methods>
                  <Init v="generate code" />
                  <Deinit v="don&amp;apos;t generate code" />
                  <Enable v="generate code" />
                  <Disable v="generate code" />
                  <SetEventMask v="don&amp;apos;t generate code" />
                  <GetEventMask v="don&amp;apos;t generate code" />
                  <GetEventStatus v="don&amp;apos;t generate code" />
                  <SetRatio8 v="don&amp;apos;t generate code" />
                  <SetRatio16 v="generate code" />
                  <SetDutyUS v="generate code" />
                  <SetDutyMS v="generate code" />
                  <SetDutySec v="don&amp;apos;t generate code" />
                  <SetDutyReal v="don&amp;apos;t generate code" />
                  <SetValue v="don&amp;apos;t generate code" />
                  <ClearValue v="don&amp;apos;t generate code" />
                  <ConnectPin v="don&amp;apos;t generate code" />
                  <SetOperationMode v="don&amp;apos;t generate code" />
                  <GetDriverState v="don&amp;apos;t generate code" />
                </Methods>
                <Events>
                  <Event_module_name v="Events" />
                  <event name="OnEnd" v="don&amp;apos;t generate code" />
                </Events>
              </inhrbean>
            </group>
          </Properties>
          <Methods>
            <Enable v="generate code" />
            <Disable v="generate code" />
            <EnableEvent v="don&amp;apos;t generate code" />
            <DisableEvent v="don&amp;apos;t generate code" />
            <SetRatio8 v="don&amp;apos;t generate code" />
            <SetRatio16 v="generate code" />
            <SetDutyTicks16 v="don&amp;apos;t generate code" />
            <SetDutyTicks32 v="don&amp;apos;t generate code" />
            <SetDutyUS v="generate code" />
            <SetDutyMS v="generate code" />
            <SetDutySec v="don&amp;apos;t generate code" />
            <SetDutyReal v="don&amp;apos;t generate code" />
            <SetValue v="don&amp;apos;t generate code" />
            <ClrValue v="don&amp;apos;t generate code" />
          </Methods>
          <Events>
            <Event_module_name v="Events" />
            <event name="BeforeNewSpeed" v="don&amp;apos;t generate code" />
            <event name="AfterNewSpeed" v="don&amp;apos;t generate code" />
            <event name="OnEnd" v="don&amp;apos;t generate code" />
          </Events>
        </inhrbean>
      </group>
      <group name="CPU clock/speed selection">
        <High_speed_mode v="This component enabled" />
        <Low_speed_mode v="This component disabled" />
        <Slow_speed_mode v="This component disabled" />
      </group>
    </Properties>
    <Methods>
      <SetPWMDutyUs v="generate code" />
      <SetPos v="generate code" />
      <MovePos v="don&amp;apos;t generate code" />
      <IsMoving v="don&amp;apos;t generate code" />
      <ParseCommand v="don&amp;apos;t generate code" />
      <PWMusToPos8 v="generate code" />
      <Init v="generate code" />
    </Methods>
    <Events>
      <EmptySection_DummyValue />
    </Events>
  </Bean>
  <Bean name="TU1" type="TimerUnit_LDD">
    <Enabled v="Y" />
    <Properties>
      <Component_name v="TU1" />
      <Module_name v="TPM0" />
      <Counter v="TPM0_CNT" />
      <Counter_direction v="Up" />
      <Counter_width v="16 bits" />
      <Value_type v="uint16_t" />
      <enumgroup name="Input clock source" v="Internal">
        <Counter_frequency v="Auto select" />
      </enumgroup>
      <enumgroup name="Counter restart" v="On-match">
        <Period_device v="TPM0_MOD" />
        <Period v="20 ms" />
        <boolgroup name="Interrupt" v="Disabled" />
      </enumgroup>
      <list name="Channel list" v="2">
        <group name="Channel 0">
          <enumgroup name="Mode" v="Compare">
            <Compare v="TPM0_C0V" />
            <Offset v="1.5 ms" />
            <enumgroup name="Output on compare" v="Set">
              <Output_on_overrun v="Clear" />
              <Initial_state v="Low" />
              <Output_pin v="PTD0/SPI0_PCS0/TPM0_CH0" />
            </enumgroup>
            <boolgroup name="Interrupt" v="Disabled" />
          </enumgroup>
        </group>
        <group name="Channel 1">
          <enumgroup name="Mode" v="Compare">
            <Compare v="TPM0_C5V" />
            <Offset v="1.5 ms" />
            <enumgroup name="Output on compare" v="Set">
              <Output_on_overrun v="Clear" />
              <Initial_state v="Low" />
              <Output_pin v="ADC0_SE6b/PTD5/SPI1_SCK/UART2_TX/TPM0_CH5" />
            </enumgroup>
            <boolgroup name="Interrupt" v="Disabled" />
          </enumgroup>
        </group>
      </list>
      <group name="Initialization">
        <Enabled_in_init__code v="yes" />
        <list name="Auto Initialization" v="1">
          <Auto_initialization v="no" />
        </list>
        <group name="Event mask">
          <OnCounterRestart v="Disabled" />
          <OnChannel0 v="Disabled" />
          <OnChannel1 v="Disabled" />
          <OnChannel2 v="Disabled" />
          <OnChannel3 v="Disabled" />
          <OnChannel4 v="Disabled" />
          <OnChannel5 v="Disabled" />
          <OnChannel6 v="Disabled" />
          <OnChannel7 v="Disabled" />
        </group>
      </group>
      <list name="CPU clock/configuration selection (included)" v="1">
        <group name="CPU clock/configuration selection">
          <Clock_configuration_0 v="This component enabled" />
          <Clock_configuration_1 v="This component disabled" />
          <Clock_configuration_2 v="This component disabled" />
          <Clock_configuration_3 v="This component disabled" />
          <Clock_configuration_4 v="This component disabled" />
          <Clock_configuration_5 v="This component disabled" />
          <Clock_configuration_6 v="This component disabled" />
          <Clock_configuration_7 v="This component disabled" />
        </group>
      </list>
    </Properties>
    <Methods>
      <Init v="generate code" />
      <Deinit v="don&amp;apos;t generate code" />
      <Enable v="generate code" />
      <Disable v="generate code" />
      <SetEventMask v="don&amp;apos;t generate code" />
      <GetEventMask v="don&amp;apos;t generate code" />
      <GetEventStatus v="don&amp;apos;t generate code" />
      <SelectInputFrequency v="don&amp;apos;t generate code" />
      <GetInputFrequencyReal v="don&amp;apos;t generate code" />
      <GetInputFrequency v="don&amp;apos;t generate code" />
      <SetPeriodTicks v="don&amp;apos;t generate code" />
      <GetPeriodTicks v="generate code" />
      <ResetCounter v="generate code" />
      <GetCounterValue v="generate code" />
      <SetOffsetTicks v="generate code" />
      <GetOffsetTicks v="generate code" />
      <GetCaptureValue v="don&amp;apos;t generate code" />
      <SelectOutputAction v="generate code" />
      <SelectCaptureEdge v="don&amp;apos;t generate code" />
      <ConnectPin v="don&amp;apos;t generate code" />
      <SetOperationMode v="don&amp;apos;t generate code" />
      <GetDriverState v="don&amp;apos;t generate code" />
    </Methods>
    <Events>
      <Event_module_name v="Events" />
      <event name="OnCounterRestart" v="don&amp;apos;t generate code" />
      <event name="OnChannel0" v="don&amp;apos;t generate code" />
      <event name="OnChannel1" v="don&amp;apos;t generate code" />
      <event name="OnChannel2" v="don&amp;apos;t generate code" />
      <event name="OnChannel3" v="don&amp;apos;t generate code" />
      <event name="OnChannel4" v="don&amp;apos;t generate code" />
      <event name="OnChannel5" v="don&amp;apos;t generate code" />
      <event name="OnChannel6" v="don&amp;apos;t generate code" />
      <event name="OnChannel7" v="don&amp;apos;t generate code" />
    </Events>
  </Bean>
  <Bean name="SERVO_RIGHT" type="Servo">
    <Enabled v="Y" />
    <Properties>
      <Component_name v="SERVO_RIGHT" />
      <Inverted_PWM v="yes" />
      <Init_PWM__us_ v="1500" />
      <Min_Pos_PWM__us_ v="900" />
      <Max_Pos_PWM__us_ v="2100" />
      <PWM_Period__us_ v="20000" />
      <group name="System">
        <boolgroup name="Timed Move" v="Disabled" />
        <boolgroup name="Shell" v="Disabled" />
        <inhrbean type="PWM">
          <Enabled v="Y" />
          <Template v="PWM" />
          <Properties>
            <Component_name v="Pwm2" />
            <PWM_or_PPG_device v="TPM0_C5V" />
            <Duty_compare v="" />
            <Output_pin v="ADC0_SE6b/PTD5/SPI1_SCK/UART2_TX/TPM0_CH5" />
            <Counter v="TPM0_CNT" />
            <boolgroup name="Interrupt service/event" v="Disabled" />
            <Period v="20 ms" />
            <Starting_pulse_width v="1.5 ms" />
            <Initial_polarity v="low" />
            <Same_period_in_modes v="no" />
            <Component_uses_entire_timer v="no" />
            <group name="Initialization">
              <Enabled_in_init__code v="yes" />
              <Events_enabled_in_init_ v="yes" />
            </group>
            <group name="CPU clock/speed selection">
              <High_speed_mode v="This component enabled" />
              <Low_speed_mode v="This component disabled" />
              <Slow_speed_mode v="This component disabled" />
            </group>
            <group name="Referenced components">
              <inhrbean type="PWM_LDD">
                <Enabled v="Y" />
                <Properties>
                  <Component_name v="PwmLdd2" />
                  <Period_device v="TPM0_MOD" />
                  <Duty_device v="TPM0_C5V" />
                  <Output_pin v="ADC0_SE6b/PTD5/SPI1_SCK/UART2_TX/TPM0_CH5" />
                  <Counter v="TPM0_CNT" />
                  <boolgroup name="Interrupt service/event" v="Disabled" />
                  <Period v="20 ms" />
                  <Starting_pulse_width v="1.5 ms" />
                  <Initial_polarity v="low" />
                  <group name="Initialization">
                    <Enabled_in_init__code v="yes" />
                    <list name="Auto Initialization" v="1">
                      <Auto_initialization v="yes" />
                    </list>
                    <group name="Event mask">
                      <OnEnd v="Disabled" />
                    </group>
                  </group>
                  <list name="CPU clock/configuration selection (included)" v="1">
                    <group name="CPU clock/configuration selection">
                      <Clock_configuration_0 v="This component enabled" />
                      <Clock_configuration_1 v="This component disabled" />
                      <Clock_configuration_2 v="This component disabled" />
                      <Clock_configuration_3 v="This component disabled" />
                      <Clock_configuration_4 v="This component disabled" />
                      <Clock_configuration_5 v="This component disabled" />
                      <Clock_configuration_6 v="This component disabled" />
                      <Clock_configuration_7 v="This component disabled" />
                    </group>
                  </list>
                  <group name="Referenced components">
                    <Linked_component v="TU1" />
                  </group>
                </Properties>
                <Methods>
                  <Init v="generate code" />
                  <Deinit v="don&amp;apos;t generate code" />
                  <Enable v="generate code" />
                  <Disable v="generate code" />
                  <SetEventMask v="don&amp;apos;t generate code" />
                  <GetEventMask v="don&amp;apos;t generate code" />
                  <GetEventStatus v="don&amp;apos;t generate code" />
                  <SetRatio8 v="don&amp;apos;t generate code" />
                  <SetRatio16 v="generate code" />
                  <SetDutyUS v="generate code" />
                  <SetDutyMS v="generate code" />
                  <SetDutySec v="don&amp;apos;t generate code" />
                  <SetDutyReal v="don&amp;apos;t generate code" />
                  <SetValue v="don&amp;apos;t generate code" />
                  <ClearValue v="don&amp;apos;t generate code" />
                  <ConnectPin v="don&amp;apos;t generate code" />
                  <SetOperationMode v="don&amp;apos;t generate code" />
                  <GetDriverState v="don&amp;apos;t generate code" />
                </Methods>
                <Events>
                  <Event_module_name v="Events" />
                  <event name="OnEnd" v="don&amp;apos;t generate code" />
                </Events>
              </inhrbean>
            </group>
          </Properties>
          <Methods>
            <Enable v="generate code" />
            <Disable v="generate code" />
            <EnableEvent v="don&amp;apos;t generate code" />
            <DisableEvent v="don&amp;apos;t generate code" />
            <SetRatio8 v="don&amp;apos;t generate code" />
            <SetRatio16 v="generate code" />
            <SetDutyTicks16 v="don&amp;apos;t generate code" />
            <SetDutyTicks32 v="don&amp;apos;t generate code" />
            <SetDutyUS v="generate code" />
            <SetDutyMS v="generate code" />
            <SetDutySec v="don&amp;apos;t generate code" />
            <SetDutyReal v="don&amp;apos;t generate code" />
            <SetValue v="don&amp;apos;t generate code" />
            <ClrValue v="don&amp;apos;t generate code" />
          </Methods>
          <Events>
            <Event_module_name v="Events" />
            <event name="BeforeNewSpeed" v="don&amp;apos;t generate code" />
            <event name="AfterNewSpeed" v="don&amp;apos;t generate code" />
            <event name="OnEnd" v="don&amp;apos;t generate code" />
          </Events>
        </inhrbean>
      </group>
      <group name="CPU clock/speed selection">
        <High_speed_mode v="This component enabled" />
        <Low_speed_mode v="This component disabled" />
        <Slow_speed_mode v="This component disabled" />
      </group>
    </Properties>
    <Methods>
      <SetPWMDutyUs v="generate code" />
      <SetPos v="generate code" />
      <MovePos v="don&amp;apos;t generate code" />
      <IsMoving v="don&amp;apos;t generate code" />
      <ParseCommand v="don&amp;apos;t generate code" />
      <PWMusToPos8 v="generate code" />
      <Init v="generate code" />
    </Methods>
    <Events>
      <EmptySection_DummyValue />
    </Events>
  </Bean>
</PE_PROJECT_SETTINGS_DOCUMENTATION>

